"Tue: Jan 20","Flowshop: Open Jam","flow arts, meetup","Washington Hall (Seattle, WA)","6:30pm-9pm","free","All ages","Seattle Flow Arts Collective","https://www.facebook.com/events/1608760747101607/","","46042.7708333333"
"Tue: Jan 20","Listening Session: Mike Oldfield - Tubular Bells","experimental, electronic, progressive rock, listening","Shibuya Hi-Fi (Seattle, WA)","7:30pm-9pm","$24","21+","Shibuya Hi-Fi","https://www.shibuyahifi.com/event-details/mike-oldfield-tubular-bells","","46042.8125"
"Thu: Jan 22","Blunts & Blondes","dubstep, bass, trap","The Crocodile (Seattle, WA)","8pm","","21+","The Crocodile","https://www.ticketweb.com/event/blunts-blondes-the-crocodile-tickets/14723013","","46044.8333333333"
"Thu: Jan 22","Part Timers","house, tech house","Vice (Seattle, WA)","10pm","free w/rsvp","21+","The Reason Why","https://www.thereasonwhy206.org/guest-list","https://www.instagram.com/p/DTgWAZAkugN/","46044.9166666667"
"Fri: Jan 23","Wubby Things","dubstep, bass","The Chapel Lounge (Seattle, WA)","7pm-2am","$8+","21+","Mind Palace Entertainment","https://www.eventbrite.com/e/wubby-things-tickets-1978860544157?aff=19hz","","46045.7916666667"
"Fri: Jan 23","Listening Session: Joy Division - Unknown Pleasures","post-punk, goth, new wave, listening","Shibuya Hi-Fi (Seattle, WA)","7:30pm-9pm","$24","21+","Shibuya Hi-Fi","https://www.shibuyahifi.com/event-details/joy-division-unknown-pleasures","","46045.8125"
"Fri: Jan 23","Original Electronic Showcase Ft. Piranesii, Buhu, Unlucky Lucky, Fir","electronica, uk garage, bass","Vermillion Art Gallery and Bar (Seattle, WA)","8pm-1am","$10-15 donation","21+","Companion","https://www.facebook.com/events/2260467021030436/","","46045.8333333333"
"Fri: Jan 23","Listening Session: Odesza - The Last Goodbye","future bass, pop EDM, listening","Shibuya Hi-Fi (Seattle, WA)","9pm-10:30pm","$24","21+","Shibuya Hi-Fi","https://www.shibuyahifi.com/event-details/odesza-the-last-goodbye-4","","46045.875"
"Fri: Jan 23","In Praise of Shadows: Charles Hawthorne","house, disco","Level 1 at Cannonball Arts (Seattle, WA)","9pm-2am","$26+","21+","Level 1","https://wl.eventim.us/event/charles-hawthorne-theque-support-w-andy-ammo/674516","https://www.instagram.com/p/DSX7GKXgVFY/","46045.875"
"Fri: Jan 23","The House That She Built","tech house","Roam (Seattle, WA)","9pm-2am","free","21+","Roam","https://www.instagram.com/p/DTODvs8Eq6M/","https://www.instagram.com/roambarseattle/","46045.875"
"Fri: Jan 23","Heavy Rotation","techno","Mercury @ Machinewerks (Seattle, WA)","9pm-3am","$10 for members","21+","Selector Ill","https://www.facebook.com/events/4081573375388808/","","46045.875"
"Fri: Jan 23","Ape Drums, Eddel","dancehall, electronic","Substation (Seattle, WA)","10pm-2am","$20+","21+","Substation","https://www.eventbrite.com/e/ape-drums-tickets-1759175263569?aff=19hz","","46045.9166666667"
"Fri: Jan 23","DATA-CLUB","techno, breaks, club","Timbre Room (Seattle, WA)","10pm-2am","$6+","21+","DATA-CLUB","https://ra.co/events/2338279","https://data-club.net","46045.9166666667"
"Fri: Jan 23","Locked Groove","techno, hardgroove, club","Kremwerk (Seattle, WA)","10pm-2am","$12+","21+","Kremwerk","https://dice.fm/partner/tickets/event/eo3vaw-locked-groove-23rd-jan-kremwerk-complex-seattle-tickets","","46045.9166666667"
"Fri: Jan 23","Reaper","drum and bass, dancefloor","Substation (Seattle, WA)","10pm-2am","","21+","Substation","https://www.eventbrite.com/e/reaper-tickets-1966296254027?aff=19hz","","46045.9166666667"
"Fri: Jan 23","TDJ, Cult Member, No_4mat, Instantly","trance, progressive house, eurodance","Cherry (Seattle, WA)","10pm-2am","$18+","21+","Conflux","https://dice.fm/partner/tickets/event/eowx92-spf-infini-seattle-23rd-jan-kremwerk-complex-seattle-tickets","","46045.9166666667"
"Fri: Jan 23","Tom & Collins","house, tech house, afrohouse","Q Nightclub (Seattle, WA)","10pm-2am","","21+","Red Cube","https://www.tixr.com/groups/qnightclub/events/tom-collins-155604","https://www.facebook.com/events/748040344983885","46045.9166666667"
"Fri: Jan 23","Francois K","house, deep house","Monkey Loft (Seattle, WA)","10pm-4am","$18+","21+","OFF99","https://www.eventbrite.com/e/off99-presents-dance-music-legend-francois-k-tickets-1977107720414?aff=19hz","https://www.facebook.com/events/896386276388012/","46045.9166666667"
"Sat: Jan 24","Syrens: The Skylyne's All-Female DJ Team","dubstep, bass","The Modern (Seattle, WA)","6pm-11pm","$23","21+","Skylyne Events","https://www.eventbrite.com/e/syrens-the-skylynes-all-female-dj-team-the-modern-tickets-1979631218264?aff=19hz","","46046.75"
"Sat: Jan 24","Jogwheel Simulacra 002","acid, techno, hard electro, jungle, breaks","Cowen Park (Seattle, WA)","8pm-2am","notaflof","21+","Uncommon Fate","https://partiful.com/e/AJGnY5rCZ2XK8AFflvGE?c=MpU8FM3W","https://www.instagram.com/djsimswap/p/DSYddrYkv_B/","46046.8333333333"
"Sat: Jan 24","Ravefurrest x Impact 2","hardcore, hard dance, hyperpop","Cherry (Seattle, WA)","8pm-2am","$20-35","21+","Ravefurrest, Impact! Foundation","https://impactraves.org/events/ravefurrest-x-impact-2/","https://www.instagram.com/p/DS3AzTDjqTE/","46046.8333333333"
"Sat: Jan 24","Everything Must Go","house, tech house, deep house","TBA (Seattle, WA)","8pm-4am","$25","21+","Covert Bat","https://givebutter.com/FJVELi","","46046.8333333333"
"Sat: Jan 24","ALLEYCVT, Dennett, Tazu","dubstep, bass, EDM","Showbox SoDo (Seattle, WA)","9pm","","18+","Showbox","https://www.axs.com/uk/events/1157141/alleycvt-tickets?cid=19hz","","46046.875"
"Sat: Jan 24","Listening Session: Daft Punk - Discovery","house, disco, listening","Shibuya Hi-Fi (Seattle, WA)","9pm-10:30pm","$24","21+","Shibuya Hi-Fi","https://www.shibuyahifi.com/event-details/daft-punk-discovery-4","","46046.875"
"Sat: Jan 24","Fuego Latin Festival","house, tech house, latin","Pono Ranch (Seattle, WA)","9pm-1am","$13+","21+","Pono Ranch","https://events.lineleap.com/e/kyU9IWMGWGdXAjHNAA9i","","46046.875"
"Sat: Jan 24","Cell Injection (Drumcell X Truncate)","techno","Substation (Seattle, WA)","9pm-2am","$20+","21+","Routine, Depth","https://www.eventbrite.com/e/cell-injection-drumcell-x-truncate-tickets-1978432906080?aff=19hz","https://www.instagram.com/routineseattle/","46046.875"
"Sat: Jan 24","Club K-Pop","k-pop, k-EDM","Chop Suey (Seattle, WA)","9pm-2am","$13 / free w/rsvp before 10","21+","Chop Suey","https://www.ticketweb.com/event/club-k-pop-chop-suey-tickets/13968324","","46046.875"
"Sat: Jan 24","Club Vitesse: Eating Flowers","techno, hardgroove, hard house","Kremwerk (Seattle, WA)","9pm-2am","$15+","21+","Disco Fish","https://posh.vip/e/disco-fish-presents-eating-flowers?t=19hz","https://www.instagram.com/p/DTHPoMKCtJO/","46046.875"
"Sat: Jan 24","B Negative","darkwave, goth, industrial","Mercury @ Machinewerks (Seattle, WA)","9pm-3am","$10 for members","21+","DJ Hana Solo","https://www.facebook.com/events/2116710795742724/","","46046.875"
"Sat: Jan 24","Boots 'N Beats","country, EDM","Neumos (Seattle, WA)","9:30pm-2am","$28+","21+","Neumos","https://www.axs.com/events/1137180/boots-n-beats-tickets?cid=19hz","","46046.8958333333"
"Sat: Jan 24","Dew Drop","leftfield, experimental, club","Massive (Seattle, WA)","10pm","$15+","21+","Massive","https://www.tixr.com/groups/massive/events/dew-drop-170969","","46046.9166666667"
"Sat: Jan 24","AfroRave","afrobeats","Ohm Nightclub (Seattle, WA)","10pm-2am","$13+","21+","Afro Live Jam Sessions","https://www.eventbrite.com/e/afro-live-rave-tickets-1980234785550?aff=19hz","https://www.instagram.com/p/DTWrgglCixx/","46046.9166666667"
"Sat: Jan 24","Black V Neck","tech house","Ora (Seattle, WA)","10pm-2am","$19-27","21+","Ora Seattle","https://tickets.oraseattle.com/e/black-v-neck-at-ora/tickets","https://www.facebook.com/events/785648394495937/","46046.9166666667"
"Sat: Jan 24","Club CTRL: Qemist","house, techno, club","Timbre Room (Seattle, WA)","10pm-2am","$18+","21+","Kremwerk","https://dice.fm/event/8e83q5-club-ctrl-ft-qemist-24th-jan-kremwerk-complex-seattle-tickets","","46046.9166666667"
"Sat: Jan 24","Costa","house, tech house","Roam (Seattle, WA)","10pm-2am","free","21+","Veta Vitali","https://www.instagram.com/p/DTL9xoSEvIL/","https://www.instagram.com/roambarseattle/","46046.9166666667"
"Sat: Jan 24","Kittin","electroclash, gay","Massive (Seattle, WA)","10pm-2am","$16.03","21+","","https://www.tixr.com/groups/massive/events/kittin-miss-kittin-dj-set--173061","","46046.9166666667"
"Sat: Jan 24","Nikita, The Wicked","dubstep, bass","Q Nightclub (Seattle, WA)","10pm-2am","","21+","Red Cube","https://www.tixr.com/groups/qnightclub/events/nikita-the-wicked-152909","","46046.9166666667"
"Sat: Jan 24","Xotix","dubstep, bass","Substation (Seattle, WA)","10pm-2am","$26+","21+","Substation","https://www.eventbrite.com/e/xotix-tickets-1866927373029?aff=19hz","","46046.9166666667"
"Sat: Jan 24","Dew Drop","dancehall, ethereal, experimental","Massive (Seattle, WA)","10pm-3am","$15 pre / $20","21+","Massive","https://www.tixr.com/groups/massive/events/dew-drop-170969","","46046.9166666667"
"Sat: Jan 24","Oasis","progressive house, melodic techno","Monkey Loft (Seattle, WA)","10pm-4am","$14+","21+","Oasis Seattle","https://www.eventbrite.com/e/oasis-monkey-loft-tickets-1979690104394?aff=19hz","https://www.facebook.com/events/886987940682280/","46046.9166666667"
"Sat: Jan 24","TZK 3 Year Anniversary: Dan Dara","jungle, drum and bass, bass, breaks","TBA (Seattle, WA)","11pm-5am","$25","21+","Time Zone Kru","https://www.facebook.com/events/4270740483166835","","46046.9583333333"
"Sun: Jan 25","Eastside Spin Jam","flow arts, meetup","Crossroads Community Center (Belleville)","1pm-3pm","free","All ages","Seattle Flow Arts Collective","https://www.facebook.com/events/1212036184107125/","","46047.5416666667"
"Sun: Jan 25","Reverie Society: Sunday Service by Restless Planet","house, deep house, tech house","Monkey Loft (Seattle, WA)","2pm-8pm","$15+","21+","Viva Recordings, Uniting Souls, Shameless","https://www.eventbrite.com/e/reverie-society-sunday-service-by-restless-planet-january-25th-2026-tickets-1979092622309?aff=19hz","https://www.facebook.com/events/887540690516458/","46047.5833333333"
"Mon: Jan 26","10ae","techno","Mercury @ Machinewerks (Seattle, WA)","9pm-2am","free for members / $5 for guests","21+","Tenth Aesthetic","https://www.facebook.com/events/909383864863793/","","46048.875"
"Tue: Jan 27","Austra","electronic, indie","Madame Lou's (Seattle, WA)","6:30pm","","21+","The Crocodile","https://www.ticketweb.com/event/austra-madame-lous-tickets/14540633","","46049.7708333333"
"Tue: Jan 27","Flowshop: Open Jam (Masks Required)","flow arts, meetup, masked","Washington Hall (Seattle, WA)","6:30pm-9pm","free","All ages","Seattle Flow Arts Collective","https://www.facebook.com/events/1903225637071114/","","46049.7708333333"
"Tue: Jan 27","DJs in a Dive Bar: Kuzco","house, techno, open decks","Blue Moon Tavern (Seattle, WA)","7pm","free","21+","Brit Jean","https://www.instagram.com/p/DTPLj0MFdaD/","https://www.instagram.com/DJsinaDiveBar","46049.7916666667"
"Tue: Jan 27","Modbang","techno, hardware, live","The 4Bs (Seattle)","7pm","free","21+","Modbang","https://www.instagram.com/p/DTwma-YDgFD/","https://www.instagram.com/modbang_official","46049.7916666667"
"Tue: Jan 27","Austra, Colin Self","synthpop, new wave","The Crocodile (Seattle, WA)","8pm","$44","21+","The Crocodile","https://www.ticketweb.com/event/austra-colin-self-the-crocodile-tickets/14540633","","46049.8333333333"
"Wed: Jan 28","Women Crush Wednesday","house, tech house","Time Warp (Seattle, WA)","8pm-11pm","$5","21+","Support Women DJs Seattle","https://partiful.com/e/V3AVe52QC9RepUUq1K0z","https://www.instagram.com/p/DTlOBpPkcTG/","46050.8333333333"
"Wed: Jan 28","Listening Session: Radiohead - In Rainbows","electronic, indie, listening","Shibuya Hi-Fi (Seattle, WA)","8pm-9:30pm","$24","21+","Shibuya Hi-Fi","https://www.shibuyahifi.com/event-details/radiohead-in-rainbows-3","","46050.8333333333"
"Thu: Jan 29","Dual Frequency: Second Edition","tech house, techno","Baila Bar (Seattle, WA)","9pm-2am","$10+","21+","Dual Frequency","https://posh.vip/e/dual-frequency-second-edition?aff=19hz","https://www.instagram.com/p/DTEZ2j4ATh5/","46051.875"
"Thu: Jan 29","Heavy Artillery 4","drum and bass","Chop Suey (Seattle, WA)","9pm-2am","$13+","21+","Baastik","https://www.ticketweb.com/event/heavy-artillery-chop-suey-tickets/14020464","https://www.instagram.com/p/DS5hHcJkrgJ/","46051.875"
"Thu: Jan 29","Dr. Gabba","house, breaks, acid, vgm","Substation (Seattle, WA)","10pm-2am","$20+","21+","Substation","https://www.eventbrite.com/e/dr-gabba-tickets-1967839267221?aff=19hz","https://www.instagram.com/p/DSagHbVlLP4","46051.9166666667"
"Fri: Jan 30","Revival: In Vinyl","goth, industrial, post punk, deathrock","The Church Cantina (Tacoma, WA)","8pm-1:30am","","21+","Left Hand Path, The Church Cantina","https://www.instagram.com/p/DR4vbyhER7X/","https://www.instagram.com/lefthandpath_seattle","46052.8333333333"
"Fri: Jan 30","Trouble in Pacific Paradise","hardcore, happy hardcore, drum and bass, hard dance","Kremwerk (Seattle, WA)","8pm-2am","$10+","21+","Impact! Foundation","https://impactraves.org/events/trouble-in-pacific-paradise/","https://www.instagram.com/p/DTmW1zAjFCI/","46052.8333333333"
"Fri: Jan 30","Wanderlust","house, deep house","Roam (Seattle, WA)","8pm-2am","free","21+","Roam, Miiju","https://www.instagram.com/p/DTa0tDPDxAs/","https://www.instagram.com/roambarseattle/","46052.8333333333"
"Fri: Jan 30","Dead Disko","goth, darkwave, post-punk, italo","Baba Yaga (Seattle, WA)","9pm-2am","$10","21+","Dead Disko","https://www.instagram.com/p/DSdeL3jEtOu","https://www.instagram.com/dead.disko.seattle/","46052.875"
"Fri: Jan 30","(Mercury In) Retrograde","goth, industrial, EBM","Mercury @ Machinewerks (Seattle, WA)","9pm-3am","$10 for members","21+","DJ Coldheart","https://www.facebook.com/events/2753307191678211/","","46052.875"
"Fri: Jan 30","Loofy","tech house, melodic techno","Vice (Seattle, WA)","9:30pm-2am","$22+ / free w/rsvp before 10:30","21+","White Rabbit Group","https://posh.vip/e/wrg-presents-loofy?t=19hz","https://www.facebook.com/events/25617715261202188/","46052.8958333333"
"Fri: Jan 30","Tumblr Rave: Joanna Kuchta","techno, hard techno","Vue Lounge (Seattle, WA)","9:30pm-2am","$25+","18+","Cult Fest","https://posh.vip/e/tumbler-rave18?t=19hz","https://www.instagram.com/p/DTdqWUJklgf","46052.8958333333"
"Fri: Jan 30","Blade Rave","industrial, synthwave, EBM","The Crocodile (Seattle, WA)","10pm-2am","$25+","21+","The Crocodile","https://www.ticketweb.com/event/blade-rave-the-crocodile-tickets/14709653","","46052.9166666667"
"Fri: Jan 30","Bonnie X Clyde","dubstep, trap, pop EDM","Q Nightclub (Seattle, WA)","10pm-2am","$27+","21+","Red Cube","https://www.tixr.com/groups/qnightclub/events/bonnie-x-clyde-160540","","46052.9166666667"
"Fri: Jan 30","Clarity: Quaad","jungle, techno, acid, club","Kremwerk (Seattle, WA)","10pm-2am","$12+","21+","Seattle Tarot Syndicate","https://dice.fm/event/bb3dem-sts-presents-clarity-30th-jan-kremwerk-complex-seattle-tickets","","46052.9166666667"
"Fri: Jan 30","Junkie Kid","hardstyle, hard techno","Substation (Seattle, WA)","10pm-2am","$20+","21+","Substation","https://www.eventbrite.com/e/junkie-kid-tickets-1967840431704?aff=19hz","","46052.9166666667"
"Fri: Jan 30","Lagos 2 Jozi","afrobeats, amapiano","Ohm Nightclub (Seattle, WA)","10pm-2am","","21+","Ohm Nightclub","https://www.instagram.com/p/DTnmoyfirZE/","https://www.instagram.com/ohm.nightclub","46052.9166666667"
"Fri: Jan 30","RABBA's HOUSE","house, deep house","Timbre Room (Seattle, WA)","10pm-2am","$12+","21+","Kremwerk","https://dice.fm/partner/tickets/event/2wkb8m-rabbas-house-ft-alessandro-carrabba-30th-jan-kremwerk-complex-seattle-tickets","","46052.9166666667"
"Fri: Jan 30","Noches Lucidas","progressive house, melodic techno","Monkey Loft (Seattle, WA)","10pm-4am","$18+","21+","Noches Lucidas","https://www.eventbrite.com/e/noches-lucidas-monkey-loft-seattle-tickets-1976516629445?aff=19hz","https://www.facebook.com/events/1356680772153458/","46052.9166666667"
"Sat: Jan 31","PRISMATIC FOREST","dubstep, bass","The Chapel Lounge (Seattle, WA)","7pm-2am","$17-22","21+","Mind Palace Entertainment","https://www.eventbrite.com/e/prismatic-forest-tickets-1979172013771","","46053.7916666667"
"Sat: Jan 31","The Glitch Ritual","goth, cyberpunk","The Mountain Room (Seattle, WA)","8pm","$5+","21+","Outland","https://posh.vip/e/outland-the-glitch-ritual-w-jq-sophixi-keypr?aff=19hz","","46053.8333333333"
"Sat: Jan 31","Project 2026","hip-hop, trap, hyperpop","Evolve (Seattle)","8pm-2am","free w/rsvp / $10-15","18+","Shmoney Studios","https://www.rockwithransom.com/event-details/project-2026","https://www.instagram.com/p/DTTTbqCkvW4/","46053.8333333333"
"Sat: Jan 31","The Seattle Freeze","tech house","Roam (Seattle, WA)","8pm-2am","free","21+","Roam","https://www.instagram.com/p/DTQtWWOElRp/","https://www.instagram.com/roambarseattle/","46053.8333333333"
"Sat: Jan 31","Eliminate","dubstep, bass, EDM","Neumos (Seattle, WA)","9pm","","18+","Showbox","https://www.axs.com/events/1067802/eliminate-tickets?cid=19hz","","46053.875"
"Sat: Jan 31","Timmy Trumpet","hardstyle, pop EDM","Showbox SoDo (Seattle, WA)","9pm","","21+","Showbox","https://www.axs.com/events/1206438/timmy-trumpet-tickets?cid=19hz","","46053.875"
"Sat: Jan 31","Bat'A'Rave","electronic, pop","Paradise on Broadway (Seattle, WA)","9pm-1:30am","$10","21+","Twatties","https://www.instagram.com/p/DTWG6NIEv0R","https://www.instagram.com/twatties.seattle/","46053.875"
"Sat: Jan 31","Skin Contact: Theque Support b2b Supreme La Rock","house, disco","Open Form (Seattle)","9pm-12am","$16-25","21+","Open Form","https://openform.space/products/skin-contact","","46053.875"
"Sat: Jan 31","Club XCX: Icy Nights","hyperpop, pop","Nectar Lounge (Seattle, WA)","9pm-2am","$21+","21+","Nectar Lounge","https://www.tixr.com/groups/nectarlounge/events/club-xcx-icy-nights-168747","https://www.facebook.com/events/861933896424314/","46053.875"
"Sat: Jan 31","Internet Rave","dubstep, bass, hip-hop","1215 S Bailey St (Seattle, WA)","9pm-2am","$24+","18+","Rage Nest","https://posh.vip/e/internet-rave?t=19hz","https://www.instagram.com/p/DTbFRCqkeZV/","46053.875"
"Sat: Jan 31","Ghetto Tech: DJ Slugo","ghettotech, jersey club, techno, house","Kremwerk Complex (Seattle, WA)","10pm-2am","$18+","21+","Ghetto Tech","https://dice.fm/event/av3e22-ghetto-tech-2026-31st-jan-kremwerk-complex-seattle-tickets","https://www.instagram.com/p/DTo1UUzlCgG","46053.9166666667"
"Sat: Jan 31","Jaenga","dubstep, trap","Substation (Seattle, WA)","10pm-2am","$20+","21+","Substation","https://www.eventbrite.com/e/jaenga-tickets-1867709612729?aff=19hz","","46053.9166666667"
"Sat: Jan 31","Mashbit","progressive house","Ora (Seattle, WA)","10pm-2am","$19+","21+","Ora Seattle","https://tickets.oraseattle.com/e/masahbit-at-ora/tickets","","46053.9166666667"
"Sat: Jan 31","Romain Garcia","progressive house, melodic house","Q Nightclub (Seattle, WA)","10pm-2am","","21+","Red Cube","https://www.tixr.com/groups/qnightclub/events/romain-garcia-152911","https://www.facebook.com/events/748498814878250/","46053.9166666667"
"Sat: Jan 31","Diggin' Deep: AMPRS&ND","house, tech house","Monkey Loft (Seattle, WA)","10pm-4am","$16+","21+","Uniting Souls Music","https://www.unitingsoulsmusic.com/event-details/diggin-deep-jan-31st-2026-amprs-nd-uniting-souls","https://www.facebook.com/events/1650289995952643/","46053.9166666667"
"Sun: Feb 1","Reverie Society","house, deep house","Monkey Loft (Seattle, WA)","3pm-8pm","$15+","21+","Viva Recordings, Uniting Souls, Shameless","https://www.eventbrite.com/e/reverie-society-djs-yoga-february-1st-2026-tickets-1980753055710?aff=19hz","https://www.facebook.com/events/2751029398569146/","46054.625"
"Tue: Feb 3","Listening Session: Pharaoh Sanders & Floating Points - Promises","jazz, electronic, IDM","Shibuya Hi-Fi (Seattle, WA)","6pm-7:30pm","$24","21+","Shibuya Hi-Fi","https://www.shibuyahifi.com/event-details/pharaoh-sanders-floating-points-promises","","46056.75"
"Tue: Feb 3","Reflect","progressive house, melodic techno","Hidden Hall (Seattle, WA)","7pm-11pm","$19+","21+","Reflect","https://www.tixr.com/groups/hiddenhall/events/reflect-deep-house-melodic-techno-166116","https://www.facebook.com/events/1245283670742321/","46056.7916666667"
"Tue: Feb 3","Electric Taco Tuesday","dubstep, bass","Airport Tavern (Tacoma, WA)","8pm","$6+","21+","Ocean Grooves","https://www.eventim.us/event/ELECTRIC-TACO-TUESDAY/677999","","46056.8333333333"
"Wed: Feb 4","Listening Session: Olafur Arnalds - A Dawning","electronic, classical","Shibuya Hi-Fi (Seattle, WA)","6pm-7:30pm","$24","21+","Shibuya Hi-Fi","https://www.shibuyahifi.com/event-details/olafur-arnalds-a-dawning","","46057.75"
"Thu: Feb 5","Aftershock Unofficial Thunderdome Preparty: Open Decks","dubstep, bass","Freighthouse Square (Seattle, WA)","12pm","free w/rsvp","18+","Resurgence","https://www.instagram.com/p/DRfb5kekgzQ/","https://www.instagram.com/weareresurgence/","46058.5"
"Thu: Feb 5","Listening Session: Massive Attack - Mezzanine","trip-hop","Shibuya Hi-Fi (Seattle, WA)","5pm-6pm","$24","21+","Shibuya Hi-Fi","https://www.shibuyahifi.com/event-details/massive-attack-mezzanine-4","","46058.7083333333"
"Fri: Feb 6","Thunderdome Friday: Excision, ATLiens, Layz, Dion Timmer","dubstep, bass, EDM","Tacoma Dome (Tacoma, WA)","5pm","$122+","18+","Excision Presents","https://excisionthunderdome.frontgatetickets.com/event/2lcgb21jyq7l1vo4","","46059.7083333333"
"Fri: Feb 6-Sun: Feb 8","Thunderdome: Excision (2 sets), Excision b2b Kai Wachi, ATLiens, Sullivan King, Ganja White Night","dubstep, bass, EDM","Tacoma Dome (Tacoma, WA)","5pm","$245+","18+","Excision Presents","https://excisionthunderdome.frontgatetickets.com/event/2lcgb21jyq7l1vo4","","46059.7083333333"
"Fri: Feb 6","Listening Session: Sampha - Process","electronic, pop, singer-songwriter","Shibuya Hi-Fi (Seattle, WA)","7:30pm-9pm","$24","21+","Shibuya Hi-Fi","https://www.shibuyahifi.com/event-details/sampha-process","","46059.8125"
"Fri: Feb 6","Listening Session: Tame Impala - Deadbeat","house, indie","Shibuya Hi-Fi (Seattle, WA)","9pm-10:30pm","$24","21+","Shibuya Hi-Fi","https://www.shibuyahifi.com/event-details/tame-impala-deadbeat-3","","46059.875"
"Fri: Feb 6","GASP: Masque of the Red Death","goth, industrial, darkwave","Mercury @ Machinewerks (Seattle, WA)","9pm-3am","$10 for members","21+","DJ JQ","https://www.facebook.com/events/2302694603532742/","","46059.875"
"Fri: Feb 6","Sazon Seattle: MJ Nebrada","raptor house, guaracha, dembow, reggaeton","Vice (Seattle, WA)","9:30pm-2am","$23+","21+","Sazon Seattle","https://posh.vip/e/sazon-seatttle-mj-nebreda?aff=19hz","https://www.instagram.com/p/DTbm5ebgc2P","46059.8958333333"
"Fri: Feb 6","New Collection","house, tech house","Kremwerk (Seattle, WA)","10pm-2am","$12+","21+","Can't Sleep Events","https://dice.fm/partner/tickets/event/py5qpy-cant-sleep-events-presents-new-collection-6th-feb-kremwerk-complex-seattle-tickets","","46059.9166666667"
"Fri: Feb 6","Oliver Smith","trance, progressive house","Q Nightclub (Seattle, WA)","10pm-2am","$25+","21+","ViViD Presents","https://www.tixr.com/groups/qnightclub/events/oliver-smith-164842","https://www.facebook.com/events/1179572670795069/","46059.9166666667"
"Fri: Feb 6","Fun Party: The Baptist","house, techno, gay","Massive (Seattle, WA)","10pm-3am","$11+","21+","Fun Party","https://ra.co/events/2351409","https://www.instagram.com/p/DTvpDMTEk4H/","46059.9166666667"
"Fri: Feb 6","Aftershock Unofficial Thunderdome Afterparty: SISTO, CRiiOZ","dubstep, bass","Freighthouse Square (Seattle, WA)","11pm-5am","$25+","18+","Resurgence","https://www.eventbrite.com/e/aftershock-thunderdome-afterparty-tickets-1975214446581?aff=19hz","https://www.instagram.com/p/DRfb5kekgzQ/","46059.9583333333"
"Sat: Feb 7","Aftershock Unofficial Thunderdome Preparty: Sythyst","dubstep, bass","Freighthouse Square (Seattle, WA)","12pm","free w/rsvp","18+","Resurgence","https://www.instagram.com/p/DRfb5kekgzQ/","https://www.instagram.com/weareresurgence/","46060.5"
"Sat: Feb 7","Bounce Brunch: Winter Onesieland","house, deep house","The Blu Grouse (Seattle, WA)","12pm-5pm","free","All ages","Bounce Brunch","https://www.facebook.com/events/1849669345700843","","46060.5"
"Sat: Feb 7","House Blend: Analog Afternoon","house, vinyl, coffee","Pacha Collective (Seattle, WA)","1pm-5pm","free","All ages","House Blend","https://www.instagram.com/p/DTiYQZSkU-r/","https://www.instagram.com/house.blend.music","46060.5416666667"
"Sat: Feb 7","Thunderdome Saturday: Excision, Sullivan King, HOL!, Trivecta","dubstep, bass, EDM","Tacoma Dome (Tacoma, WA)","5pm","$145+","18+","Excision Presents","https://excisionthunderdome.frontgatetickets.com/event/2lcgb21jyq7l1vo4","","46060.7083333333"
"Sat: Feb 7","Rave The Box","tech house, trance, techno, breaks","The Juice Box (Centralia, WA)","8pm","free","All agesa","Jones Creek Brewing","https://www.facebook.com/events/s/rave-the-box-february/1205808904339390/","","46060.8333333333"
"Sat: Feb 7","Caturday!","synthpop, eurodance","Mercury @ Machinewerks (Seattle, WA)","9pm-3am","$10 for members","21+","DJ Hana Solo","https://www.facebook.com/events/24870138679352581/","","46060.875"
"Sat: Feb 7","C.U.M: Zanderwoods","techno, gay male","Massive (Seattle, WA)","10pm","free w/rsvp","21+","Massive","https://www.tixr.com/groups/massive/events/c-u-m-mens-night-w-zanderwoodz-sf--165776","","46060.9166666667"
"Sat: Feb 7","Dubvision","big room house, progressive house","Q Nightclub (Seattle, WA)","10pm-2am","","21+","Red Cube","https://www.tixr.com/groups/qnightclub/events/dubvision-155937","","46060.9166666667"
"Sat: Feb 7","Linney","house, vocals, EDM","Ora (Seattle, WA)","10pm-2am","$19","21+","Ora Seattle","https://tickets.oraseattle.com/e/linney-at-ora/tickets","https://www.facebook.com/events/877698008078134/","46060.9166666667"
"Sat: Feb 7","LSDXOXO","techno, club","Substation (Seattle, WA)","10pm-2am","$20+","21+","Routine, Itertainment","https://www.eventbrite.com/e/lsdxoxo-tickets-1976079489949?aff=19hz","https://www.instagram.com/p/DSVaptGEmTL/","46060.9166666667"
"Sat: Feb 7","NIGHTHAWK","house, deep house","Monkey Loft (Seattle, WA)","10pm-4am","$15-25","21+","Monkey Loft","https://www.facebook.com/events/769515518842308/","","46060.9166666667"
"Sat: Feb 7","Aftershock Unofficial Thunderdome Afterparty: Versa, Dack Janiels","dubstep, bass","Freighthouse Square (Seattle, WA)","11pm-5am","$25+","18+","Resurgence","https://www.eventbrite.com/e/aftershock-thunderdome-afterparty-tickets-1975214446581?aff=19hz","https://www.instagram.com/p/DRfb5kekgzQ/","46060.9583333333"
"Sun: Feb 8","Aftershock Unofficial Thunderdome Preparty: Blaqout","dubstep, bass","Freighthouse Square (Seattle, WA)","12pm","free w/rsvp","18+","Resurgence","https://www.instagram.com/p/DRfb5kekgzQ/","https://www.instagram.com/weareresurgence/","46061.5"
"Sun: Feb 8","Sauna Rave","house, EDM","Pier 62 (Seattle, WA)","1pm","free w/rsvp","All ages","Seattle Paddle Rave, Tuli Lodge","https://www.tuli-lodge.com/buy","https://www.instagram.com/p/DRgIE2IkVT1","46061.5416666667"
"Sun: Feb 8","Reverie Society: Riz Rollins' Annual BDay Bash","house, deep house","Monkey Loft (Seattle, WA)","3pm-8pm","$15+","21+","Viva Recordings, Uniting Souls, Shameless","https://www.eventbrite.com/e/reverie-society-riz-rollins-annual-bday-bash-february-8th-2026-tickets-1980904406404?aff=19hz","https://www.facebook.com/events/1714490612850633/","46061.625"
"Sun: Feb 8","Thunderdome Saturday: Excision b2b Kai Wachi, Ganja White Night, Jessica Audiffred, Samplifire b2b Calcium","dubstep, bass, EDM","Tacoma Dome (Tacoma, WA)","5pm","$100+","18+","Excision Presents","https://excisionthunderdome.frontgatetickets.com/event/2lcgb21jyq7l1vo4","","46061.7083333333"
"Sun: Feb 8","Bloodflowers: Morgue Anne","new wave, synthwave, goth","Mercury @ Machinewerks (Seattle, WA)","9pm-2am","free for members / $5 for guests","21+","DJ EirFlux","https://www.facebook.com/events/976012401175975/","","46061.875"
"Sun: Feb 8","Aftershock Unofficial Thunderdome Afterparty: 7L, PROXXXY, Chango","dubstep, bass","Freighthouse Square (Seattle, WA)","11pm-5am","$25+","18+","Resurgence","https://www.eventbrite.com/e/aftershock-thunderdome-afterparty-tickets-1975214446581?aff=19hz","https://www.instagram.com/p/DRfb5kekgzQ/","46061.9583333333"
"Tue: Feb 10","Purelink","ambient, dub, leftfield","Substation (Seattle, WA)","7pm-11pm","$20+","21+","Routine","https://www.eventbrite.com/e/purelink-tickets-1974957570257?aff=19hz","https://www.instagram.com/p/DSBIzIfE4oh/","46063.7916666667"
"Tue: Feb 10","Electric Taco Tuesday","dubstep, bass","Airport Tavern (Tacoma, WA)","8pm","$6+","21+","Ocean Grooves","https://www.eventim.us/event/ELECTRIC-TACO-TUESDAY/678000","","46063.8333333333"
"Wed: Feb 11","Listening Session: Terry Riley - In C","electronic, classical, experimental","Shibuya Hi-Fi (Seattle, WA)","6pm-8pm","$24","21+","Shibuya Hi-Fi","https://www.shibuyahifi.com/event-details/in-c-terry-riley","","46064.75"
"Thu: Feb 12","Listening Session: Radiohead - Kid A","indie, electronic","Shibuya Hi-Fi (Seattle, WA)","5pm-6pm","$24","21+","Shibuya Hi-Fi","https://www.shibuyahifi.com/event-details/radiohead-kid-a-3","","46065.7083333333"
"Thu: Feb 12","Listening Session: Rufus Du Sol - Bloom","progressive house","Shibuya Hi-Fi (Seattle, WA)","7:30pm-9pm","$24","21+","Shibuya Hi-Fi","https://www.shibuyahifi.com/event-details/rufus-du-sol-bloom-3","","46065.8125"
"Thu: Feb 12","Mushroom Cloud","dubstep, bass","Substation (Seattle, WA)","9pm-1am","$26+","21+","Substation","https://www.eventbrite.com/e/mushroom-cloud-presents-i-do-what-i-want-tour-tickets-1951428277509?aff=19hz","","46065.875"
"Thu: Feb 12","Mood Swing","breaks, bassline, uk garage","Baba Yaga (Seattle, WA)","9pm-2am","$15","21+","Mood Swing","https://tickets.venuepilot.com/e/mood-swing-2026-02-12-baba-yaga-seattle-13459e","https://www.instagram.com/p/DTlUeHYEjGg/","46065.875"
"Thu: Feb 12","Fuck Cupid: Cortisa Star","techno, bass, EDM","Vue Lounge (Seattle, WA)","10pm-2am","$17+","18+","Evil House, Grime Girls","https://posh.vip/e/fuck-cupid-starring-cortisa-star?t=19hz","https://www.instagram.com/p/DTvwkyqgSrE/","46065.9166666667"
"Fri: Feb 13","Belltown Art Walk: Rachel Vick, Riz & Rob","house","Crystal Lounge (Seattle)","5pm-9pm","free","All ages","","https://www.eventbrite.com/e/belltown-artwalk-at-the-crystal-lounge-tickets-1980281980712","https://www.facebook.com/events/855237113516881/","46066.7083333333"
"Fri: Feb 13","Level Up, Zingara, Sharlitz Web","dubstep, bass, EDM","The Showbox (Seattle, WA)","9pm","","18+","Showbox","https://www.axs.com/uk/events/1146715/level-up-zingara-tickets?cid=19hz","","46066.875"
"Fri: Feb 13","Listening Session: Massive Attack - Blue Lines","trip-hop","Shibuya Hi-Fi (Seattle, WA)","9pm-10:30pm","$24","21+","Shibuya Hi-Fi","https://www.shibuyahifi.com/event-details/massive-attack-blue-lines-2","","46066.875"
"Fri: Feb 13","Sorry For Party Rocking","big room house, electro house, pop EDM","Chop Suey (Seattle, WA)","9pm-2am","$19 / free w/rsvp before 10","21+","Chop Suey","https://www.ticketweb.com/event/sorry-for-party-rocking-2010-chop-suey-tickets/14060564","","46066.875"
"Fri: Feb 13","Ramiro b2b Copeland","house, deep house","Pono Ranch (Seattle, WA)","10pm-1am","free","21+","Uniting Souls","https://events.lineleap.com/e/2WLl8bqqZp4i2ZUefyBH","","46066.9166666667"
"Fri: Feb 13","CREATUREFEST","hardcore, hardstyle, hard techno","Cherry (Seattle, WA)","10pm-2am","$12+","21+","Kremwerk","https://dice.fm/partner/tickets/event/oegvxy-creaturefest-13th-feb-kremwerk-complex-seattle-tickets","","46066.9166666667"
"Fri: Feb 13","HILLS","big room house, big room techno","Q Nightclub (Seattle, WA)","10pm-2am","$21+","21+","Red Cube","https://www.tixr.com/groups/qnightclub/events/hills-159516","","46066.9166666667"
"Fri: Feb 13","Mary Droppinz","dubstep, breaks, bass","Substation (Seattle, WA)","10pm-2am","","21+","Substation","https://www.eventbrite.com/e/mary-droppinz-tickets-1967841610229?aff=19hz","","46066.9166666667"
"Fri: Feb 13","The Kissing Booth","house, dubstep, EDM","Ora (Seattle, WA)","10pm-2am","$24+","21+","Faire La Flex","https://posh.vip/e/faire-la-flex-valentines-invite-only?t=19hz","","46066.9166666667"
"Sat: Feb 14","Listening Session: Cocteau Twins - Heaven or Las Vegas","dream pop","Shibuya Hi-Fi (Seattle, WA)","3:30pm-5pm","$24","21+","Shibuya Hi-Fi","https://www.shibuyahifi.com/event-details/cocteau-twins-heaven-or-las-vegas-3","","46067.6458333333"
"Sat: Feb 14","The Untz Festival Pre-Party","dubstep, bass","The Chapel Lounge (Seattle, WA)","7pm-2am","$20+","21+","Mind Palace Entertainment","https://www.eventbrite.com/e/the-untz-festival-pre-party-seattle-tickets-1980048443195?aff=19hz","","46067.7916666667"
"Sat: Feb 14","Sweethearts & Sinners","house, EDM","TBA (Seattle, WA)","8pm-1am","$18+","21+","DJ Spark Productions","https://www.eventbrite.com/e/sweethearts-sinners-tickets-1874887772799","","46067.8333333333"
"Sat: Feb 14","Level Up, Zingara, Seth David","dubstep, bass, EDM","The Showbox (Seattle, WA)","9pm","","21+","Showbox","https://www.axs.com/uk/events/1146715/level-up-zingara-tickets?cid=19hz","","46067.875"
"Sat: Feb 14","Babe Night: Chippy Nonstop","pop, trance, house, edits","Massive (Seattle, WA)","9pm-2:30am","$18+","21+","Babe Night","https://posh.vip/e/babe-night-?t=19hz","https://www.instagram.com/p/C98CGKIyGPo/","46067.875"
"Sat: Feb 14","Jan Blomqvist (Live)","progressive house, melodic house","The Shop (Seattle, WA)","9pm-2am","","21+","ViViD Presents","https://shotgun.live/en/events/jan-blomqvist-live-seattle-2026?utm_source=19hz","https://www.facebook.com/events/883433551526097/","46067.875"
"Sat: Feb 14","Love Like Blood: Vampire Dance Party","goth, new wave, EBM","The Mountain Room (Seattle, WA)","9pm-2am","$10-15","21+","Parlour Trick Events","https://www.instagram.com/p/DTbjtGMgVfY/","https://www.instagram.com/mountainroom.seattle/","46067.875"
"Sat: Feb 14","Machine Learning XV: AshWave","house, tech house","The Lumber Yard (Seattle, WA)","9pm-2am","$10+","21+","Uniting Souls, Triangularis","https://www.fatsoma.com/e/515aml9n/machine-learning-xv-ashwave","","46067.875"
"Sat: Feb 14","Kremwerk 12-Year Anniversary","house, techno, club, multigenre","Kremwerk Complex (Seattle, WA)","10pm","$12+","21+","Kremwerk","https://dice.fm/partner/tickets/event/av3m3q-kremwerk-12-year-anniversary-14th-feb-kremwerk-complex-seattle-tickets","","46067.9166666667"
"Sat: Feb 14","Afrobeats n' Friends: DJ Prince","afrobeats","The Crocodile (Seattle, WA)","10pm-2am","$14+","21+","Duke Concept","https://www.ticketweb.com/event/afrobeats-n-friends-w-dj-the-crocodile-tickets/14085454","","46067.9166666667"
"Sat: Feb 14","Audiodrome","techno, synthwave, italo, goth, gay","Pony (Seattle, WA)","10pm-2am","free","21+","False Prophet","https://ra.co/events/2341404","https://www.instagram.com/falseprophetseattle","46067.9166666667"
"Sat: Feb 14","Honeyluv","house, tech house, deep house","Q Nightclub (Seattle, WA)","10pm-2am","","21+","Red Cube","https://www.tixr.com/groups/qnightclub/events/honeyluv-164843","https://www.facebook.com/events/1172008885076547/","46067.9166666667"
"Sat: Feb 14","Sota","drum and bass, jump up","Substation (Seattle, WA)","10pm-2am","","21+","Rose Entertainment","https://www.tixr.com/groups/roseentertainment/events/sota-at-substation-163958","https://www.instagram.com/p/DQpjNqfkpZj","46067.9166666667"
"Sat: Feb 14","Drama Club","techno, breaks, club","TBA (Seattle, WA)","10pm-5am","$28+","21+","Bodytalk, Slip","https://www.instagram.com/p/DTONgJnEZ2x/","https://www.instagram.com/bodytalkproductions","46067.9166666667"
"Sun: Feb 15","Reverie Society","house, deep house","Monkey Loft (Seattle, WA)","3pm-8pm","$15+","21+","Viva Recordings, Uniting Souls, Shameless","https://www.eventbrite.com/e/copy-of-reverie-society-djs-yoga-february-15th-2026-tickets-1980906877796?aff=19hz","https://www.facebook.com/events/2313267832520205/","46068.625"
"Mon: Feb 16","Cherub","electropop, indie dance","The Showbox (Seattle, WA)","8pm","$41","All ages","Showbox","https://www.axs.com/events/1258052/cherub-tickets?cid=19hz","","46069.8333333333"
"Tue: Feb 17","Electric Taco Tuesday","dubstep, bass","Airport Tavern (Tacoma, WA)","8pm","$6+","21+","Ocean Grooves","https://www.eventim.us/event/ELECTRIC-TACO-TUESDAY/678001","","46070.8333333333"
"Tue: Feb 17","Listening Session: Aphex Twin - Selected Ambient Works 85-92","IDM","Shibuya Hi-Fi (Seattle, WA)","8pm-10pm","$24","21+","Shibuya Hi-Fi","https://www.shibuyahifi.com/event-details/aphex-twin-selected-ambient-works-85-92","","46070.8333333333"
"Wed: Feb 18","Annika Wells, Rachel Bochner","vocals, EDM","Barboza (Seattle, WA)","7pm","$24+","All ages","Barboza","https://www.axs.com/events/1261103/annika-wells-rachel-bochner-tickets?cid=19hz","","46071.7916666667"
"Thu: Feb 19","HEAT.WAV","chiptune, vgm, hardware","Substation (Seattle, WA)","7pm-11pm","$26+","21+","Pacific Noise Works","https://www.eventbrite.com/e/heatwav-a-night-of-chiptune-hardware-and-dance-music-tickets-1980344674230","https://www.facebook.com/events/1340049304474480/","46072.7916666667"
"Thu: Feb 19","Magic City Hippies, Supertaste","jam, funk","The Showbox (Seattle, WA)","8pm","","21+","Showbox","https://www.axs.com/uk/events/1165175/magic-city-hippies-tickets","","46072.8333333333"
"Thu: Feb 19","Moontricks, Morillo","dubstep, bass, jam","The Crocodile (Seattle, WA)","8pm","$42","21+","The Crocodile","https://www.ticketweb.com/event/moontricks-morillo-the-crocodile-tickets/14678563","","46072.8333333333"
"Thu: Feb 19","Listening Session: Daft Punk - Discovery","house, disco","Shibuya Hi-Fi (Seattle, WA)","9pm-10:30pm","$24","21+","Shibuya Hi-Fi","https://www.shibuyahifi.com/event-details/daft-punk-discovery-5","","46072.875"
"Thu: Feb 19","TKVR: MORENXXX","techno, house, breaks, club","Massive (Seattle, WA)","9pm-2am","$13+","21+","Massive","https://www.tixr.com/groups/massive/events/tkvr-morenxxx-171672","","46072.875"
"Fri: Feb 20","Listening Session: Odesza - The Last Goodbye","future bass, pop EDM","Shibuya Hi-Fi (Seattle, WA)","7:30pm-9pm","$24","21+","Shibuya Hi-Fi","https://www.shibuyahifi.com/event-details/odesza-the-last-goodbye-5","","46073.8125"
"Fri: Feb 20","FEVR","darkwave, new wave, post-punk","The Funhouse (Seattle, WA)","8pm","$27+","21+","YES Music Productions","https://app.opendate.io/e/fevr-february-20-2026-648655","https://www.facebook.com/events/1360807989072250/","46073.8333333333"
"Fri: Feb 20","WonkyWilla, Buku","dubstep, bass, EDM","The Showbox (Seattle, WA)","9pm","$39-56","21+","Showbox","https://www.axs.com/events/1171944/wonkywilla-tickets?cid=19hz","","46073.875"
"Fri: Feb 20","DJ Susan","tech house","Vice (Seattle, WA)","9:30pm-2am","$22 / free w/rsvp before 10:30","21+","White Rabbit Group","https://posh.vip/e/wrg-presents-dj-susan?t=19hz","https://www.instagram.com/p/DTgDHfBjzn0/","46073.8958333333"
"Fri: Feb 20","Conducta","uk garage","Substation (Seattle, WA)","10pm-2am","$20+","21+","Routine","https://www.eventbrite.com/e/conducta-tickets-1967842380533?aff=19hz","https://www.instagram.com/p/DSIlXf_kXYR/","46073.9166666667"
"Fri: Feb 20","DJ Pauly D","pop EDM, big room house","Q Nightclub (Seattle, WA)","10pm-2am","$45+","21+","Red Cube","https://www.tixr.com/groups/qnightclub/events/pauly-d-152913","","46073.9166666667"
"Fri: Feb 20","SHIMS 2","house, techno, eurodance","Kremwerk (Seattle, WA)","10pm-2am","$12+","21+","Club V","https://dice.fm/event/xe2kle-shims-2-20th-feb-kremwerk-complex-seattle-tickets","","46073.9166666667"
"Fri: Feb 20","Offline","progressive house","Monkey Loft (Seattle, WA)","10pm-4am","$24+","21+","ViViD Presents","https://shotgun.live/en/events/offline-feb2026","","46073.9166666667"
"Sat: Feb 21","Listening Session: Daft Punk - Random Access Memories","house, disco","Shibuya Hi-Fi (Seattle, WA)","2pm-3:30pm","$24","21+","Shibuya Hi-Fi","https://www.shibuyahifi.com/event-details/daft-punk-random-access-memories-4","","46074.5833333333"
"Sat: Feb 21","Weval","downtempo, house","Neumos (Seattle, WA)","8pm","","21+","Neumos","https://www.axs.com/uk/events/1129263/weval-tickets?cid=19hz","","46074.8333333333"
"Sat: Feb 21","Club Milk","techno, breaks, house, club","TBA (Seattle, WA)","9pm","","21+","FRICKTION.","https://www.instagram.com/p/DTbNu6EErNF","https://www.instagram.com/fricktion_sea","46074.875"
"Sat: Feb 21","Peekaboo, Borne","dubstep, bass","Showbox SoDo (Seattle, WA)","9pm","","21+","Showbox","https://www.axs.com/events/1252026/peekaboo-tickets?cid=19hz","","46074.875"
"Sat: Feb 21","Party Girl","hyperpop, pop","Chop Suey (Seattle, WA)","9pm-2am","$8+ / free w/rsvp before 10","21+","Chop Suey","https://www.ticketweb.com/event/party-girl-chop-suey-tickets/14011574","","46074.875"
"Sat: Feb 21","Sploinky Rave","dubstep, bass","Airport Tavern (Tacoma, WA)","9:30pm-1:30am","$26+","21+","Sploinky Rave","https://www.eventim.us/wafform.aspx?_act=eventtickets&_pky=677048","","46074.8958333333"
"Sat: Feb 21","Drezo","big room techno, melodic techno","Ora (Seattle, WA)","10pm-2am","$19+","21+","Ora Seattle","https://tickets.oraseattle.com/e/drezo-spring-gathering-tour-at-ora/tickets","","46074.9166666667"
"Sat: Feb 21","Ship Wrek","house, tech house, pop EDM","Q Nightclub (Seattle, WA)","10pm-2am","","21+","Red Cube","https://www.tixr.com/groups/qnightclub/events/ship-wrek-163793","","46074.9166666667"
"Sat: Feb 21","SkiiTour","dubstep, funk, glitch hop","Substation (Seattle, WA)","10pm-2am","$26+","21+","Substation","https://www.eventbrite.com/e/skiitour-aprave-tour-tickets-1839705220839","","46074.9166666667"
"Sun: Feb 22","Reverie Society: Pezzner b2b Doza (Open to Close)","house, deep house, tech house","Monkey Loft (Seattle, WA)","3pm-8pm","$15+","21+","Viva Recordings, Uniting Souls, Shameless","https://www.eventbrite.com/e/reverie-society-pezzner-b2b-doza-otc-february-22nd-2026-tickets-1980909006162?aff=19hz","","46075.625"
"Tue: Feb 24","Electric Taco Tuesday","dubstep, bass","Airport Tavern (Tacoma, WA)","8pm","$6+","21+","Ocean Grooves","https://www.eventim.us/event/ELECTRIC-TACO-TUESDAY/678002","","46077.8333333333"
"Wed: Feb 25","Fox Stevenson","drum and bass, rock","The Crocodile (Seattle, WA)","8pm","","All ages","The Crocodile","https://www.ticketweb.com/event/fox-stevenson-the-crocodile-tickets/14598683","","46078.8333333333"
"Thu: Feb 26","Listening Session: Portishead - Dummy","trip-hop","Shibuya Hi-Fi (Seattle, WA)","7:30pm-9pm","$24","21+","Shibuya Hi-Fi","https://www.shibuyahifi.com/event-details/portishead-dummy-2","","46079.8125"
"Thu: Feb 26","Felix Martin: Hot Chip (DJ Set)","synthpop, house, indie","Nectar Lounge (Seattle, WA)","8pm-2am","$31","21+","Nectar, Solid Sound","https://www.tixr.com/groups/nectarlounge/events/felix-martin-hot-chip-dj-set-with-recess-juliette-165159","","46079.8333333333"
"Fri: Feb 27","Powder: The Seattle Apres Ski Party","tech house, dubstep, bass","TBA (Fremont, Seattle, WA)","6pm-11:30pm","$22+","21+","Abundance Social Club","https://www.sweatpals.com/event/powder-the-seattle-apres-ski-party/2026-02-07?aff=19hz","","46080.75"
"Fri: Feb 27","Romare, Manatee Commune","house, disco, deep house","Hidden Hall (Seattle, WA)","8pm-2am","","21+","Hidden Hall","https://www.tixr.com/groups/hiddenhall/events/romare-dj-set-with-manatee-commune-164425","https://www.facebook.com/events/842439948158084/","46080.8333333333"
"Fri: Feb 27","Boogie T, Izzy Vadim, Mystic Methods","dubstep, bass, EDM","Showbox SoDo (Seattle, WA)","9pm","","21+","Showbox","https://www.axs.com/events/1171979/boogie-t-tickets?cid=19hz","","46080.875"
"Fri: Feb 27","Listening Session: LCD Soundsystem - Sound of Silver","indie, electronic, dance punk","Shibuya Hi-Fi (Seattle, WA)","9pm-10:30pm","$24","21+","Shibuya Hi-Fi","https://www.shibuyahifi.com/event-details/lcd-soundsystem-sound-of-silver-4","","46080.875"
"Fri: Feb 27","Main Phase","uk garage, bassline, breaks, house","Ora (Seattle, WA)","9pm-2am","$23+","21+","The Audacity!, Feverstate Collective","https://shotgun.live/en/events/main-phase-seattle?utm_source=19hz","","46080.875"
"Fri: Feb 27","beastboi.","dubstep, bass, riddim","Vice (Seattle, WA)","9:30pm-2am","$22+ / free w/rsvp before 10:30","21+","White Rabbit Group","https://posh.vip/e/wrg-presents-beastboi?t=19hz","https://www.facebook.com/events/1251152677072201/","46080.8958333333"
"Fri: Feb 27","Red Light: Rave Night","EDM","Belltown Yacht Club (Seattle, WA)","9:30pm-2am","$15-20","21+","Haus of Sutra","https://www.eventbrite.com/e/red-light-rave-night-with-live-house-music-performance-and-dance-tickets-1980188519166?aff=19hz","https://www.instagram.com/hausofsutra","46080.8958333333"
"Fri: Feb 27","ATB","trance, progressive house","Q Nightclub (Seattle, WA)","10pm-2am","$30+","21+","Red Cube","https://www.tixr.com/groups/qnightclub/events/atb-156413","","46080.9166666667"
"Fri: Feb 27","Noches Lucidas: Chus + Ceballos","techno, tech house, deep house","Monkey Loft (Seattle, WA)","10pm-4am","$23+","21+","Noches Lucidas","https://www.eventbrite.com/e/noches-lucidas-chus-ceballos-monkey-loft-seattle-tickets-1980334779635?aff=19hz","https://www.facebook.com/events/1609751056694407/","46080.9166666667"
"Sat: Feb 28","Snow Rave","dubstep, bass","TBA (Snoqualmie Pass, WA)","2pm","","","Bass Exhibit","https://www.instagram.com/p/DTYvfDfkgJF/","https://www.instagram.com/bassexhibit/","46081.5833333333"
"Sat: Feb 28","GRIZZ CLL, BLOOD RAVE","goth, darkwave","The Mountain Room (Seattle, WA)","8pm","$5+","21+","Outland","https://posh.vip/e/outland-requiem-of-a-heart-grizz-cl-bloodrave-w-dj-sophixi-dj-keypr?t=19hz","https://www.instagram.com/p/DTG1xkQEr4U/","46081.8333333333"
"Sat: Feb 28","Snow Strippers, Eera, Nation, Cranes","electropop, hyperpop","Showbox SoDo (Seattle, WA)","8pm","","All ages","Showbox","https://www.axs.com/events/1211505/snow-strippers-tickets?cid=19hz","","46081.8333333333"
"Sat: Feb 28","K+Lab, Willdabeast, Torbjorn","glitch hop, bass","The Chapel Lounge (Seattle, WA)","8pm-2am","$23+","21+","Foundation Entertainment","https://www.eventbrite.com/e/klab-seattle-tickets-1980602960772?aff=19hz","https://www.facebook.com/events/837949872411712/","46081.8333333333"
"Sat: Feb 28","Secret Rave","dubstep, house, EDM","EDEN Nightclub & Lounge (Bremerton, WA)","8pm-2am","$13+","21+","EDEN Nightclub & Lounge","https://www.eventbrite.com/e/secret-rave-tickets-1978710428156?aff=19hz","","46081.8333333333"
"Sat: Feb 28","Opiuo, Cool Customer, rSUN","glitch hop, dubstep, bass","The Showbox (Seattle, WA)","9pm","","18+","Showbox","https://www.axs.com/events/1219909/opiuo-tickets?cid=19hz","","46081.875"
"Sat: Feb 28","DJ Gigola","hard house, techno","Substation (Seattle, WA)","9pm-2am","$20+","21+","Routine","https://www.eventbrite.com/e/dj-gigola-tickets-1949136552899?aff=19hz","https://www.instagram.com/p/DQuWua3Eh0v","46081.875"
"Sat: Feb 28","Imanu","drum and bass, house, future bass","Q Nightclub (Seattle, WA)","10pm-2am","","21+","Red Cube","https://www.tixr.com/groups/qnightclub/events/imanu-155611","https://www.facebook.com/events/1211057017553071/","46081.9166666667"
"Mon: Mar 2","Franc Moody","house, disco, pop","The Showbox (Seattle, WA)","8pm","","All ages","Showbox","https://www.axs.com/events/1195852/franc-moody-tickets?cid=19hz","","46083.8333333333"
"Tue: Mar 3","Reflect - Deeper Parties, Deeper Grooves","progressive house, melodic techno","Hidden Hall (Seattle, WA)","7pm-11pm","$19+","21+","Reflect","https://www.tixr.com/groups/hiddenhall/events/reflect-deep-house-melodic-techno-169225","https://www.facebook.com/events/1183863040388957/","46084.7916666667"
"Tue: Mar 3","Electric Taco Tuesday","dubstep, bass","Airport Tavern (Tacoma, WA)","8pm","$6+","21+","Ocean Grooves","https://www.eventim.us/event/ELECTRIC-TACO-TUESDAY/678003","","46084.8333333333"
"Thu: Mar 5","Monolink, Roderic","progressive house, melodic techno","The Showbox (Seattle, WA)","8pm","$56+","21+","Showbox","https://www.axs.com/events/1131492/monolink-tickets?cid=19hz","","46086.8333333333"
"Thu: Mar 5","Tripp St, Lil Fish, Pressha","dubstep, bass, trap","Nectar Lounge (Seattle, WA)","8pm-2am","$23","21+","Nectar, Solid Sound","https://www.tixr.com/groups/nectarlounge/events/tripp-st-and-lil-fish-plus-pressha-165469","","46086.8333333333"
"Thu: Mar 5","Swimming Paul","house, uk garage, breaks","Substation (Seattle, WA)","9pm-1am","$26-38","21+","Substation","https://www.eventbrite.com/e/swimming-paul-north-america-tour-2026-tickets-1967772257794?aff=19hz","","46086.875"
"Fri: Mar 6","WITCHZ","synthpop, alternative, country","The Crocodile (Seattle, WA)","6pm-9pm","","All ages","The Crocodile","https://www.ticketweb.com/event/witchz-presents-enter-afterlife-world-the-crocodile-tickets/14639083","","46087.75"
"Fri: Mar 6","Mindchatter, Nasaya","downtempo, bass, house","The Showbox (Seattle, WA)","8:30pm","","All ages","Showbox","https://www.axs.com/events/1216450/mindchatter-tickets?cid=19hz","","46087.8541666667"
"Fri: Mar 6","Kream","melodic techno, tech house","Showbox SoDo (Seattle, WA)","9pm","","21+","Showbox","https://www.axs.com/events/1216496/kream-tickets?cid=19hz","","46087.875"
"Fri: Mar 6","Nic Vans","EDM","Vue Lounge (Seattle, WA)","9pm-2am","$40+","18+","Rose Entertainment","https://www.tixr.com/groups/roseentertainment/events/nic-vans-at-vue-social-169478","https://www.instagram.com/p/DSWMTTzjobM/","46087.875"
"Fri: Mar 6","Lost Kings","house, pop EDM","Vice (Seattle, WA)","9:30pm-2am","$22 / free w/rsvp before 10:30","21+","White Rabbit Group","https://posh.vip/e/wrg-presents-lost-kings?t=19hz","","46087.8958333333"
"Fri: Mar 6","Josh Teed","dubstep, bass","Substation (Seattle, WA)","10pm-2am","$26+","21+","Substation","https://www.eventbrite.com/e/josh-teed-tides-of-change-tour-tickets-1735388797609?aff=19hz","","46087.9166666667"
"Fri: Mar 6","Last Heroes","melodic dubstep","Q Nightclub (Seattle, WA)","10pm-2am","","21+","Red Cube","https://www.tixr.com/groups/qnightclub/events/last-heroes-155938","","46087.9166666667"
"Sat: Mar 7","Ground Hum","ambient, experimental","Washington Hall (Seattle, WA)","12pm","$40-50","","Ground Hum","https://groundhum.net/products/ground-hum-year-5-march-7-2026","https://www.instagram.com/p/DSTJ-Yok8JN/","46088.5"
"Sat: Mar 7","Routine 5 Year Anniversary: Skee Mask, Loidis, Kush Jones, Max Watts, Sugar, Priori, Carre","techno, breaks, dubstep, ambient, leftfield, juke, footwork","Substation (Seattle, WA)","2pm-2am","$38+","21+","Routine","https://www.eventbrite.com/e/routine-5-year-anniversary-skee-mask-priori-loidis-more-tickets-1977224867805?utm_source=19hz&utm_medium=referral&utm_campaign=routine+5+year+anniversary+tickets","https://www.instagram.com/p/DSajrj4knc4/","46088.5833333333"
"Sat: Mar 7","Ray Volpe, Virtual Riot, Barely Alive, VRG b2b Future Exit","dubstep, bass","WaMu Theater (Seattle, WA)","7pm","","All ages","Bassrush","https://www.ticketmaster.com/event/0F00636397F950B9","https://www.instagram.com/p/DQpNGJ0EQmf/","46088.7916666667"
"Sat: Mar 7","Christian Loffler","progressive house, melodic house","Nectar Lounge (Seattle, WA)","8pm","","21+","Nectar, Solid Sound","https://www.tixr.com/groups/nectarlounge/events/christian-l-ffler-with-special-guests-160410","","46088.8333333333"
"Sat: Mar 7","Dark Komplex: God Module, Frontal Boundary, Tyler Noxwind","goth, industrial, EBM, post-punk, fetish","Kremwerk Complex (Seattle, WA)","10pm-3am","$24+","21+","Kremwerk","https://dice.fm/event/3ogn5p-dark-komplex-sin-goth-industrial-darkwave-7th-mar-kremwerk-complex-seattle-tickets","","46088.9166666667"
"Sat: Mar 7","Sippy","dubstep, bass","Q Nightclub (Seattle, WA)","10pm-3am","$24-30","21+","Red Cube","https://www.tixr.com/groups/qnightclub/events/sippy-149731","","46088.9166666667"
"Tue: Mar 10","Electric Taco Tuesday","dubstep, bass","Airport Tavern (Tacoma, WA)","8pm","$6+","21+","Ocean Grooves","https://www.eventim.us/event/ELECTRIC-TACO-TUESDAY/678004","","46091.8333333333"
"Wed: Mar 11","Dancefestopia: Yellow Brick Road","dubstep, bass","Vice (Seattle, WA)","8pm-1am","$18+","21+","Connector","https://theticketing.co/e/ybr26sea1","","46092.8333333333"
"Thu: Mar 12","Modeselektor","techno","Substation (Seattle, WA)","9pm-1am","","21+","Routine","https://www.eventbrite.com/e/modeselektor-tickets-1980023631984?aff=19hz","","46093.875"
"Fri: Mar 13","1tbsp","hyperpop, alt-pop, house, club","The Showbox (Seattle, WA)","9pm","","21+","Showbox","https://www.axs.com/events/1240849/1tbsp-tickets","","46094.875"
"Fri: Mar 13","STVSH","dubstep, trap","Vice (Seattle, WA)","9:30pm-2am","","21+","White Rabbit Group","https://posh.vip/e/wrg-presents-stvsh?t=19hz","https://www.instagram.com/p/DRP1CeFkj4G/","46094.8958333333"
"Fri: Mar 13","Kaivon","dubstep, future bass","Substation (Seattle, WA)","10pm-2am","$26+","21+","Substation","https://www.eventbrite.com/e/two-nights-of-kaivon-the-dark-night-of-the-soul-tour-night-one-tickets-1967813309581","","46094.9166666667"
"Fri: Mar 13","Northern Cold, CYNTHESZR, IN_DUAL","hard techno, schranz, acid, hard trance","The Rendezvous (Seattle, WA)","10pm-2am","$19+","21+","EONS Label","https://therendezvous.strangertickets.com/events/180162776/eons-label-presents-northern-cold-cyntheszr-indual","https://www.instagram.com/p/DTvXZ8jEvto","46094.9166666667"
"Sat: Mar 14","Scafetta, Wubmama","dubstep, bass","The Chapel Lounge (Seattle, WA)","7pm-2am","$14-26","21+","Mind Palace Entertainment","https://www.eventbrite.com/e/scafetta-wubmama-coast-to-coat-seattle-stop-tickets-1979914155537?aff=19hz","","46095.7916666667"
"Sat: Mar 14","Peaches","pop, alternative, electroclash","The Showbox (Seattle, WA)","8:30pm","","21+","Showbox","https://www.axs.com/events/1176833/peaches-tickets?cid=19hz","","46095.8541666667"
"Sat: Mar 14","Audiodrome: Ole Mic Odd","techno, synthwave, italo, goth, gay","Pony (Seattle, WA)","10pm-2am","free","21+","False Prophet","https://ra.co/events/2341346","https://www.instagram.com/falseprophetseattle","46095.9166666667"
"Sat: Mar 14","Kaivon","dubstep, future bass","Substation (Seattle, WA)","10pm-2am","$26+","21+","Substation","https://www.eventbrite.com/e/two-nights-of-kaivon-the-dark-night-of-the-soul-tour-night-two-tickets-1967814007669","","46095.9166666667"
"Sat: Mar 14","Paul Van Dyk","trance, progressive house","Q Nightclub (Seattle, WA)","10pm-2am","$44+","21+","Red Cube","https://www.tixr.com/groups/qnightclub/events/paul-van-dyk-152915","https://www.facebook.com/events/896231692754863/","46095.9166666667"
"Sat: Mar 14","Shrek Rave","pop EDM","The Crocodile (Seattle, WA)","10pm-2am","$30+","21+","The Crocodile, Orlove By Night","https://www.ticketweb.com/event/shrek-rave-the-crocodile-tickets/14072894","","46095.9166666667"
"Sat: Mar 14","Spencer Brown","progressive house","Q Nightclub (Seattle, WA)","10pm-2am","","21+","Red Cube","https://www.tixr.com/groups/qnightclub/events/spencer-brown-172083","https://www.facebook.com/events/1606261617230801/","46095.9166666667"
"Sun: Mar 15","Sauna Rave","house, EDM","Pier 62 (Seattle, WA)","1pm","free w/rsvp","All ages","Seattle Paddle Rave, Tuli Lodge","https://www.tuli-lodge.com/buy","https://www.instagram.com/p/DRgIE2IkVT1","46096.5416666667"
"Mon: Mar 16","Timecop1983","synthwave","Neumos (Seattle, WA)","7pm","","21+","Neumos","https://www.axs.com/events/1228311/timecop1983-tickets?cid=19hz","","46097.7916666667"
"Tue: Mar 17","Electric Taco Tuesday","dubstep, bass","Airport Tavern (Tacoma, WA)","8pm","$6+","21+","Ocean Grooves","https://www.eventim.us/event/ELECTRIC-TACO-TUESDAY/678005","","46098.8333333333"
"Thu: Mar 19","Alix Perez","drum and bass, dubstep, bass","Nectar Lounge (Seattle, WA)","7pm","$29+","21+","Nectar, Solid Sound","https://www.tixr.com/groups/nectarlounge/events/alix-perez-with-rob-noble-pressha-164422","","46100.7916666667"
"Thu: Mar 19","LOUIEJAYXX","dubstep, bass","Substation (Seattle, WA)","9pm-1am","$26+","21+","Substation","https://www.eventbrite.com/e/louiejayxx-tickets-1977259090165?aff=19hz","https://www.instagram.com/p/DTdcxMEEpLC","46100.875"
"Fri: Mar 20","NonSeq: Jami Sieber","electronic, experimental, cello","Chapel Performance Space (Seattle, WA)","8pm-10pm","$7-23 sliding scale","All ages","Nonsequitur","https://www.eventbrite.com/e/nonseq-jami-sieber-tickets-1980396178280?aff=19hz","","46101.8333333333"
"Fri: Mar 20","Benny Benassi","electro house, big room house","Q Nightclub (Seattle, WA)","10pm-2am","","21+","Red Cube","https://www.tixr.com/groups/qnightclub/events/benny-benassi-163836","https://www.facebook.com/events/1876265747101765/","46101.9166666667"
"Fri: Mar 20","Sultan + Shepard","progressive house, melodic house","Substation (Seattle, WA)","10pm-2am","$26+","21+","Substation","https://www.eventbrite.com/e/sultan-shepard-tickets-1975373605630?aff=19hz","","46101.9166666667"
"Sat: Mar 21","Crankdat, Whethan, Ahee, A Hundred Drums","dubstep, bass, EDM","Tacoma Dome (Tacoma, WA)","7pm","","18+","Showbox","https://www.ticketmaster.com/event/0F006319B4A82766","","46102.7916666667"
"Sat: Mar 21","Mr. Bill, Crawdad Sniper, Daggz, Sortof Vague, Not Nice","dubstep, glitch hop, bass","Substation (Seattle, WA)","9pm-2am","$26+","21+","Substation","https://www.eventbrite.com/e/mr-bill-tickets-1977258467302?aff=19hz","","46102.875"
"Sat: Mar 21","Kloud","hard techno","Q Nightclub (Seattle, WA)","10pm-2am","$27+","21+","Red Cube","https://www.tixr.com/groups/qnightclub/events/kloud-172094","","46102.9166666667"
"Tue: Mar 24","49th & Main","house, indie dance","Neumos (Seattle, WA)","7pm","$37+","21+","Neumos","https://www.axs.com/events/1133206/49th-main-tickets?cid=19hz","","46105.7916666667"
"Tue: Mar 24","Malibu, ESP","trance, ambient, beatless","Substation (Seattle, WA)","7pm-11pm","$20-38","21+","Routine","https://www.eventbrite.com/e/malibu-tickets-1766642297669?aff=19hz","","46105.7916666667"
"Tue: Mar 24","Electric Taco Tuesday","dubstep, bass","Airport Tavern (Tacoma, WA)","8pm","$6+","21+","Ocean Grooves","https://www.eventim.us/event/ELECTRIC-TACO-TUESDAY/678006","","46105.8333333333"
"Tue: Mar 24","Machine Girl","hardcore, industrial, breakcore","Showbox SoDo (Seattle, WA)","8pm","","All ages","Showbox","https://www.axs.com/uk/events/1183899/machine-girl-tickets","","46105.8333333333"
"Wed: Mar 25","Skysia","melodic dubstep, future bass","Substation (Seattle, WA)","9pm-1am","$20+","21+","Itertainment","https://www.eventbrite.com/e/skysia-tickets-1978798108410?aff=19hz","","46106.875"
"Thu: Mar 26","Denham Audio","breaks, bass, uk garage","Substation (Seattle, WA)","9pm-1am","","21+","Routine","https://www.eventbrite.com/e/denham-audio-tickets-1975346922821?aff=19hz","https://www.instagram.com/p/DRh4FLGEiNJ/","46107.875"
"Fri: Mar 27","Drinkurwater","dubstep, bass","The Showbox (Seattle, WA)","8pm","","18+","Showbox","https://www.axs.com/events/1239272/drinkurwater-tickets?cid=19hz","","46108.8333333333"
"Fri: Mar 27","Badger","uk garage, bassline","Substation (Seattle, WA)","10pm-2am","$20+","21+","Itertainment","https://www.eventbrite.com/e/badger-tickets-1977086517997?aff=19hz","https://www.instagram.com/p/DTQkw-Lk69C","46108.9166666667"
"Fri: Mar 27","Muzz","drum and bass, dancefloor","Q Nightclub (Seattle, WA)","10pm-2am","","21+","Red Cube","https://www.tixr.com/groups/qnightclub/events/muzz-152917","","46108.9166666667"
"Sat: Mar 28","Inzo, What So Not, know good, Zen Selektah, Blookah","dubstep, future bass, EDM","WaMu Theater (Seattle, WA)","7pm","$49+","All ages","Showbox","https://www.ticketmaster.com/event/0F0063339B7B29A5","","46109.7916666667"
"Sat: Mar 28","Habstrakt","bass house, tech house","Showbox SoDo (Seattle, WA)","9pm","","21+","Showbox","https://www.axs.com/events/1089153/habstrakt-tickets?cid=19hz","","46109.875"
"Sat: Mar 28","Infekt, MUST DIE!, Mythm, Bommer","dubstep, riddim, bass","The Showbox (Seattle, WA)","9pm","","18+","Showbox","https://www.axs.com/events/1210723/infekt-tickets?cid=19hz","","46109.875"
"Sat: Mar 28","Kerri Colby (DJ Set)","pop, house, queer","Q Nightclub (Seattle, WA)","10pm-2am","","21+","Q Nightclub, BeautyBoiz","https://www.tixr.com/groups/qnightclub/events/kerri-colby-dj-set--155939","https://www.facebook.com/events/1766335527292432/","46109.9166666667"
"Sun: Mar 29","femtanyl","breakcore, hardcore, hyperpop","Neumos (Seattle, WA)","7pm","","All ages","Neumos","https://www.axs.com/events/1229725/femtanyl-tickets?cid=19hz","","46110.7916666667"
"Tue: Mar 31","Electric Taco Tuesday","dubstep, bass","Airport Tavern (Tacoma, WA)","8pm","$6+","21+","Ocean Grooves","https://www.eventim.us/event/ELECTRIC-TACO-TUESDAY/678007","","46112.8333333333"
"Thu: Apr 2","FKA Twigs, Brutalismus 3000","trip-hop, r&b, techno, club","WaMu Theater (Seattle, WA)","8pm","$73+","All ages","Live Nation","https://www.ticketmaster.com/event/0F00637AEC9B8B7B","","46114.8333333333"
"Fri: Apr 3","Mind Enterprises","italo, synthwave","Neumos (Seattle, WA)","8pm","$32+","21+","Neumos","https://www.axs.com/uk/events/1141863/mind-enterprises-tickets?cid=19hz","","46115.8333333333"
"Fri: Apr 3","Ultra Sunn + Ceremony Shadows & Skull Cultist","coldwave, EBM, post-punk","Substation (Seattle, WA)","8pm","$26+","21+","YES Music Productions","https://www.eventbrite.com/e/yes-music-productions-presents-ultra-sunn-tickets-1740113118179?aff=19hz","https://www.facebook.com/events/1154633406834025/","46115.8333333333"
"Fri: Apr 3","Vandelux","synthpop","The Showbox (Seattle, WA)","9pm","","21+","Showbox","https://www.axs.com/events/1184773/vandelux-tickets?cid=19hz","","46115.875"
"Fri: Apr 3","Tal Fussman","house, tech house, deep house","Substation (Seattle, WA)","10pm-2am","$20+","All ages","Substation","https://www.eventbrite.com/e/tal-fussman-tickets-1978806263803?aff=19hz","","46115.9166666667"
"Sat: Apr 4","Supertask","dubstep, bass, glitch hop","Neumos (Seattle, WA)","8pm","","21+","Neumos","https://www.axs.com/events/1180698/supertask-tickets?cid=19hz","","46116.8333333333"
"Sat: Apr 4","Max Styler","house","Showbox SoDo (Seattle, WA)","9pm","","21+","Showbox","https://edmtrain.com/seattle-wa/max-styler-452145?get=tickets","https://www.axs.com/events/1226181/max-styler-tickets?cid=19hz","46116.875"
"Sat: Apr 4","Tinzo + Jojo, RaeCola","house, disco","The Showbox (Seattle, WA)","9pm","","21+","Showbox","https://www.axs.com/uk/events/1169641/tinzo-jojo-tickets?cid=19hz","","46116.875"
"Sat: Apr 4","Hoang","future bass, dubstep, pop EDM","Q Nightclub (Seattle, WA)","10pm-2am","","21+","Red Cube","https://www.tixr.com/groups/qnightclub/events/hoang-159517","","46116.9166666667"
"Sat: Apr 4","Lil Texas, Alyssa Jolee","hardcore","Substation (Seattle, WA)","10pm-2am","","21+","Substation","https://www.eventbrite.com/e/lil-texas-tickets-1976832437034?aff=19hz","","46116.9166666667"
"Thu: Apr 9","Qual + Holy Water & God Tongue","EBM, goth","Substation (Seattle, WA)","8pm","$26+","21+","Yes Music Productions","https://www.eventbrite.com/e/yes-music-productions-presents-qual-w-special-guests-holy-water-more-tickets-1974529470800?aff=19hz","https://www.facebook.com/events/1145140491161248/","46121.8333333333"
"Fri: Apr 10","Hi I'm Ghost (360 Set)","dubstep, bass","Vice (Seattle, WA)","9:30pm-2am","$22+ / free w/rsvp before 10:30","21+","White Rabbit Group","https://posh.vip/e/wrg-presents-hi-im-ghost-1?t=19hz","","46122.8958333333"
"Fri: Apr 10","Pachanga","house, tech house, deep house","Kremwerk (Seattle, WA)","10pm-2am","$17+","21+","Pachanga","https://shotgun.live/en/events/pachanga-kremwerk","","46122.9166666667"
"Sat: Apr 11","Friction","drum and bass, dancefloor","Q Nightclub (Seattle, WA)","10pm-2am","","21+","Red Cube","https://www.tixr.com/groups/qnightclub/events/friction-173037","https://www.facebook.com/events/1586141599322684/","46123.9166666667"
"Sat: Apr 11","Wuki","dubstep, trap, pop EDM, edits","Substation (Seattle, WA)","10pm-2am","","21+","Itertainment","https://www.eventbrite.com/e/wuki-tickets-1978064500168?aff=19hz","","46123.9166666667"
"Tue: Apr 14","Oklou","pop, dream pop, electronic","Showbox SoDo (Seattle, WA)","8pm","","All ages","Showbox","https://www.axs.com/events/1210602/oklou-tickets","","46126.8333333333"
"Tue: Apr 14","Pinkpantheress","pop, electronic, uk garage","WaMu Theater (Seattle, WA)","8pm","$49+","All ages","Live Nation","https://www.ticketmaster.com/event/0F006385AC1F87A5","","46126.8333333333"
"Tue: Apr 14","Pinkpantheress Afterparty","pop, uk garage, gay","Massive (Seattle, WA)","10pm","$15+","21+","Massive","https://www.tixr.com/groups/massive/events/pink-pantheress-after-party-169613","","46126.9166666667"
"Thu: Apr 16","Sanzu","dubstep, riddim","Substation (Seattle, WA)","9pm-1am","$26+","21+","Substation","https://www.eventbrite.com/e/sanzu-redemption-tour-tickets-1978808255761?aff=19hz","https://www.instagram.com/p/DTa37LUgcGh","46128.875"
"Fri: Apr 17","Miss Bashful","ghettotech, hyperpop, hard house","The Showbox (Seattle, WA)","9pm","","21+","Showbox","https://www.axs.com/uk/events/1183913/miss-bashful-tickets","","46129.875"
"Fri: Apr 17","Avello","dubstep, bass","Q Nightclub (Seattle, WA)","10pm-2am","","21+","Red Cube","https://www.tixr.com/groups/qnightclub/events/avello-164846","https://www.facebook.com/events/3082906751915943","46129.9166666667"
"Sat: Apr 18","William Black","melodic dubstep, bass","Showbox SoDo (Seattle, WA)","9pm","","All ages","Showbox","https://www.axs.com/events/1225882/william-black-tickets?cid=19hz","","46130.875"
"Sat: Apr 18","Jody Wisternoff","progressive house","Q Nightclub (Seattle, WA)","10pm-2am","$33+","21+","Red Cube","https://www.tixr.com/groups/qnightclub/events/jody-wisternoff-164849","","46130.9166666667"
"Sun: Apr 19","Sauna Rave","house, EDM","Pier 62 (Seattle, WA)","1pm","free w/rsvp","All ages","Seattle Paddle Rave, Tuli Lodge","https://www.tuli-lodge.com/buy","https://www.instagram.com/p/DRgIE2IkVT1","46131.5416666667"
"Wed: Apr 22","ROZ","melodic techno, progressive house","Substation (Seattle, WA)","9pm-2am","$32+","21+","Substation","https://www.eventbrite.com/e/rz-oye-estados-unidos-y-canada-pt-2-tickets-1976079014527?aff=19hz","","46134.875"
"Thu: Apr 23","Neon Steve","tech house, glitch hop","Substation (Seattle, WA)","9pm-1am","$20+","21+","Sub 49","https://www.eventbrite.com/e/neon-steve-tickets-1979843383857?aff=19hz","","46135.875"
"Fri: Apr 24","BEAUZ, MADGRRL","hard techno, big room techno","The Showbox (Seattle, WA)","9pm","","18+","Showbox","https://www.axs.com/events/1235239/beauz-tickets?cid=19hz","","46136.875"
"Fri: Apr 24","Nostalgix","bass house","Substation (Seattle, WA)","9pm-2am","$20+","21+","Rose Entertainment","https://www.tixr.com/groups/roseentertainment/events/nostalgix-at-substation-173031","","46136.875"
"Fri: Apr 24","Vini Vici","psytrance, big room psy","Q Nightclub (Seattle, WA)","10pm-2am","$41+","21+","Red Cube","https://www.tixr.com/groups/qnightclub/events/vini-vici-148301","","46136.9166666667"
"Sat: Apr 25","Ayybo","tech house","The Showbox (Seattle, WA)","9pm","","21+","Showbox","https://www.axs.com/events/1216485/ayybo-tickets?cid=19hz","","46137.875"
"Sat: Apr 25","Le Youth","progressive house, melodic house","Showbox SoDo (Seattle, WA)","9pm","","21+","Showbox","https://www.axs.com/events/1268448/le-youth-tickets?cid=19hz","","46137.875"
"Sat: Apr 25","Panteros666","hard house, trance","Q Nightclub (Seattle, WA)","10pm-2am","$27+","21+","Red Cube","https://www.tixr.com/groups/qnightclub/events/panteros666-169202","https://www.facebook.com/events/1206084057692072/","46137.9166666667"
"Sat: Apr 25","Saxsquatch","funk, dubstep, glitch hop","The Crocodile (Seattle, WA)","10pm-2am","","21+","The Crocodile","https://www.ticketweb.com/event/saxsquatch-the-crocodile-tickets/14586013","","46137.9166666667"
"Wed: Apr 29","VNV Nation","synthpop, EBM","Neptune Theatre (Seattle, WA)","8pm","$47+","All ages","STG Presents, Live Nation","https://www.ticketmaster.com/event/0F00634AD284799A","","46141.8333333333"
"Fri: May 1","Tokyo Machine, Cromatik","dubstep, bass, EDM","Substation (Seattle, WA)","10pm-2am","$20+","21+","Substation","https://www.eventbrite.com/e/tokyo-machine-tickets-1755556810679?aff=19hz","","46143.9166666667"
"Sat: May 2","Levity: LASERSHIP","dubstep, trap","WaMu Theater (Seattle, WA)","7pm","","All ages","Showbox","https://www.ticketmaster.com/event/0F006385B6EA9A10","","46144.7916666667"
"Sun: May 3","Sea Sound: Rezident","progressive house","On the Hiyu (Seattle, WA)","2:30pm-7pm","$47+","21+","ViViD Presents","https://shotgun.live/en/events/sea-sound-feat-rezident-2026","","46145.6041666667"
"Mon: May 4","Das Ich","industrial, darkwave, goth","El Corazon (Seattle, WA)","8pm","$27-30","21+","Mechanismus","https://app.opendate.io/e/das-ich-may-04-2026-653814","https://www.facebook.com/events/760811537049521/","46146.8333333333"
"Thu: May 7","Chet Faker","downtempo, house, future bass","The Showbox (Seattle, WA)","8:30pm","","All ages","Showbox","https://www.axs.com/events/1192952/chet-faker-tickets?cid=19hz","","46149.8541666667"
"Fri: May 8","The Martinez Brothers: Orbita","house, tech house, melodic techno","Showbox SoDo (Seattle, WA)","9pm","","21+","Showbox","https://www.axs.com/events/1228302/the-martinez-brothers-present-orbita-tickets?cid=19hz","","46150.875"
"Sat: May 9","Martin Garrix","big room house, pop EDM","Gorge Amphitheatre (George, WA)","5pm","$84+","18+","Insomniac","https://www.ticketmaster.com/martin-garrix-americas-tour-george-washington-05-09-2026/event/0F006382A067746B","https://www.instagram.com/p/DR2h5iFkrH-/","46151.7083333333"
"Sat: May 9","The Midnight, New Constellations","synthwave","Paramount Theatre (Seattle, WA)","8pm","$50+","21+","Seattle Theatre Group","https://www.ticketmaster.com/event/0F006338D6185565","","46151.8333333333"
"Sun: May 10","Sea Sound: Anyasa","progressive house","On the Hiyu (Seattle, WA)","2:30pm-7pm","$47+","21+","ViViD Presents","https://shotgun.live/en/events/sea-sound-feat-anyasa-2026","","46152.6041666667"
"Fri: May 15","KETTAMA","breaks, techno, uk garage, club","Showbox SoDo (Seattle, WA)","9pm","","21+","Showbox","https://www.axs.com/events/1243122/kettama-tickets","","46157.875"
"Sat: May 16","Starjunk 95","breaks, big beat, y2k","Showbox (Seattle, WA)","9pm","","21+","Showbox","https://www.axs.com/events/1289185/starjunk-95-tickets","","46158.875"
"Sat: May 16","KSHMR","big room house, pop EDM","Q Nightclub (Seattle, WA)","10pm-2am","","21+","Red Cube","https://www.tixr.com/groups/qnightclub/events/kshmr-169205","","46158.9166666667"
"Tue: May 19","St. Lucia","alt-pop, synthpop","The Showbox (Seattle, WA)","8pm","","All ages","Showbox","https://www.axs.com/events/1237575/st-lucia-tickets","","46161.8333333333"
"Tue: May 19","Sina Bathaie","live electronic, world music","Neptune Theatre (Seattle, WA)","8:30pm","","All ages","Seattle Theatre Group","https://www.ticketmaster.com/event/0F006384AACE7A11","","46161.8541666667"
"Sat: May 23-Sun: May 24","GRIZTRONICS: GRiZ, Subtronics, Of the Trees, LSDREAM, Boogie T, ALLEYCVT","dubstep, bass, EDM","Gorge Amphitheatre (George, WA)","5pm","","18+","Live Nation","https://www.ticketmaster.com/griztronics-2-day-pass-george-washington-05-23-2026/event/0F0063668E7E5731","https://www.facebook.com/events/2297126120765303/","46165.7083333333"
"Sat: May 23","Giuseppe Ottaviani","trance","Q Nightclub (Seattle, WA)","10pm-2am","","21+","Red Cube","https://www.tixr.com/groups/qnightclub/events/giuseppe-ottaviani-169206","","46165.9166666667"
"Sat: May 23","STOOG3S","dubstep, riddim","Substation (Seattle, WA)","10pm-2am","$20+","21+","NWPlur","https://www.eventbrite.com/e/stoog3s-class-clown-tour-tickets-1978872439737?aff=19hz","https://www.instagram.com/p/DTgBlqzkdxg/","46165.9166666667"
"Thu: May 28","Verboden Festival Day 1: Sacred Skin, SRSQ","goth, punk, darkwave, new wave, EBM, industrial","Central Saloon (Seattle, WA)","7pm","$109+","21+","Verboden Arts","https://vivenu.com/event/verboden-festival-2026-u0wef6","https://www.instagram.com/p/DSdiucVEhYt","46170.7916666667"
"Thu: May 28-Sat: May 30","Verboden Festival: Male Tears, Sacred Skin, SRSQ, Street Fever","goth, punk, darkwave, new wave, EBM, industrial","Central Saloon, Baba Yaga (Seattle)","7pm","$109+","21+","Verboden Arts","https://vivenu.com/event/verboden-festival-2026-u0wef6","https://www.instagram.com/p/DSdiucVEhYt","46170.7916666667"
"Fri: May 29","Dance with the Dead, Magic Sword, Megan McDuffee","synthwave, metal","The Crocodile (Seattle, WA)","6pm-9pm","","21+","The Crocodile","https://www.ticketweb.com/event/magic-sword-dance-with-the-crocodile-tickets/14725153","","46171.75"
"Fri: May 29","Verboden Festival Day 2 (Baba Yaga): Street Fever, Mytant","goth, punk, darkwave, new wave, EBM, industrial","Baba Yaga (Seattle, WA)","7pm","$109+","21+","Verboden Arts","https://vivenu.com/event/verboden-festival-2026-u0wef6","https://www.instagram.com/p/DSdiucVEhYt","46171.7916666667"
"Fri: May 29","Verboden Festival Day 2 (Central Saloon): Dark Chisme, Hallows","goth, punk, darkwave, new wave, EBM, industrial","Central Saloon (Seattle, WA)","7pm","$109+","21+","Verboden Arts","https://vivenu.com/event/verboden-festival-2026-u0wef6","https://www.instagram.com/p/DSdiucVEhYt","46171.7916666667"
"Fri: May 29","Yetep","melodic dubstep, future bass","The Showbox (Seattle, WA)","9pm","$39-51","21+","Showbox","https://www.axs.com/events/1283588/yetep-tickets?cid=19hz","","46171.875"
"Fri: May 29","The Widdler, Athena","dubstep, bass","Substation (Seattle, WA)","10pm-2am","","21+","Itertainment","https://www.eventbrite.com/e/the-widdlers-midnight-mass-tour-w-athena-tickets-1978944500272?aff=19hz","https://www.instagram.com/p/DTLbJxtmOcZ","46171.9166666667"
"Sat: May 30","Verboden Festival Day 3 (Baba Yaga): Dancing Plague, Sleek Teeth","goth, punk, darkwave, new wave, EBM, industrial","Baba Yaga (Seattle, WA)","7pm","$109+","21+","Verboden Arts","https://vivenu.com/event/verboden-festival-2026-u0wef6","https://www.instagram.com/p/DSdiucVEhYt","46172.7916666667"
"Sat: May 30","Verboden Festival Day 3 (Central Saloon): Male Tears, Meldamor","goth, punk, darkwave, new wave, EBM, industrial","Central Saloon (Seattle, WA)","7pm","$109+","21+","Verboden Arts","https://vivenu.com/event/verboden-festival-2026-u0wef6","https://www.instagram.com/p/DSdiucVEhYt","46172.7916666667"
"Sun: May 31","Ladytron","synthpop","Neptune Theatre (Seattle, WA)","8pm","$50+","21+","Seattle Theatre Group","https://www.ticketmaster.com/event/0F00638BD1A6B670","","46173.8333333333"
"Fri: Jun 5","HYPER: THE RETURN OF THE END","hyperpop","Cherry (Seattle, WA)","10pm-2am","$18+","21+","Hyperpoppers","https://dice.fm/partner/tickets/event/6dn2q7-hyper-the-return-of-the-end-5th-jun-kremwerk-complex-seattle-tickets","","46178.9166666667"
"Thu: Jun 25-Sun: Jun 28","Beyond Wonderland at the Gorge","","The Gorge Amphitheatre (George, WA)","2pm","$183+","18+","","https://beyondpnw.frontgatetickets.com/?utm_source=Promoters&utm_medium=19hz&utm_campaign=19hz","https://www.facebook.com/events/3876571735819515","46198.5833333333"
"Fri: Sep 11-Sun: Sep 13","ABGT700","trance, progressive house, melodic house","Gorge Amphitheatre (George, WA)","12pm","$171+","18+","Above & Beyond, Insomniac","https://abgt700.live/","https://www.instagram.com/p/DTiipD8jtL0/","46276.5"
"Fri: Oct 30","BOO Seattle","pop EDM, house, dubstep, bass, multigenre","WaMu Theater (Seattle, WA)","5pm","$150+","18+","Insomniac","https://booseattle.frontgatetickets.com/","","46325.7083333333"
